Name,Address,Phone,Rating,Reviews,Website,Has Real Website,Email,Comments,Google Maps Link
Momo Burger," MRCX+RWJ, Mahelma", 0770 07 33 13,N/A,"4,6(26",N/A,No,,,
Restaurant les frères Benzerga," Lpp Q10, Cité 11.Décembre, Mahelma", 0666 28 17 55,N/A,"4,6(26",N/A,No,,,
New york food," Unamed road, Zéralda 16063", 0563 97 73 22,N/A,"4,6(26",https://www.facebook.com/share/1GEyHbVLiq/,No,,,
سيدي عبد الله معالمة الجزائر," MVC3+JFG 5000مسكن لازون cعمارة 122, Mahelma",N/A,N/A,"4,6(26",N/A,No,,,
Gang's pizza," MRHV+6J7, Mahelma", 0552 69 98 23,N/A,"4,6(26",N/A,No,,,
P&M food, Mahelma 16201, 0552 02 27 28,N/A,"4,6(26",N/A,No,,,
Crêpes et delice," MVR3+74M, Mahelma", 0796 84 41 31,N/A,"4,6(26",N/A,No,,,
Boost Bite," MQHX+F92، Residence les Oliviers, Douaouda", 0562 97 70 64,N/A,"4,6(26",N/A,No,,,
Restaurant kamatchino," MVJG+GJH, N63, Mahelma",N/A,N/A,"4,6(26",N/A,No,,,
محل أيهم خباب," MVJ4+62X, Mahelma",N/A,N/A,"4,6(26",N/A,No,,,
Sohaib food," MRHP+H6G, Zéralda", 0670 65 64 01,N/A,"4,6(26",N/A,No,,,
Sunflower restaurant," MVGP+7G2, Mahelma", 0666 27 31 66,N/A,"4,6(26",N/A,No,,,
9ahwa," MVR3+CWV, Rue Mohamed Khider, Zéralda",N/A,N/A,"4,6(26",N/A,No,,,
Restaurant-Pizzeria La Fourchette," C, Coopérative Ennasr Bt 12 N° 274, Birkhadem", 0560 95 97 60,N/A,"4,6(26",N/A,No,,,
خيمة اولاد سيدي ابراعيم," MVHG+VP7 kms, N63, Mahelma",N/A,N/A,"4,6(26",N/A,No,,,
New Town Restaurant," MVQ4+W97, Rue Mohamed Khider, Zéralda", 0541 94 98 94,N/A,"4,6(26",https://www.instagram.com/new.towndz/,No,,,
Fast l'homa," MRGX+GC5, Mahelma",N/A,N/A,"4,6(26",N/A,No,,,
RESTAURANT BENAMARA," MQJX+6RQ Cop Elhana, Douaouda 42000", 0551 47 80 22,N/A,"4,6(26",https://web.facebook.com/Restaurant-Benamara-100698642489845,No,,,
محفوظ لي يبيع المحاجب," JQ73+M84, Chaïba",N/A,N/A,"4,6(26",N/A,No,,,
Family Restaurant," MVQG+94C, Mahelma",N/A,N/A,"4,6(26",N/A,No,,,
RESTAURANT BENIDORM," N11, Zeralda", 0776 05 89 41,N/A,"4,6(26",N/A,No,,,
Restaurant & Cafe Arous," MRF2+RP, Douaouda",N/A,N/A,"4,6(26",N/A,No,,,
Tahtoh Food," MXGH+7WW, Khraicia", 0697 66 47 50,N/A,"4,6(26",N/A,No,,,
Restaurant les auress," PR7V+FXX, Zéralda",N/A,N/A,"4,6(26",N/A,No,,,
Burger Aghiles," MVP6+R8P, Mahelma",N/A,N/A,"4,6(26",N/A,No,,,
Restaurant SOFRA KEBABمطعم سفرة كباب," local 01 bâtiment, 04 1, Mahelma", 0552 59 81 25,N/A,"4,6(26",N/A,No,,,
Le Traîteur NECiB café restaurant," MVHX+HH7, Cyberparc, Rahmania",N/A,N/A,"4,6(26",N/A,No,,,
Pizzeria LA CASA-بيتزيريا لاكازا," MVR2+C9X, Zéralda", 0558 26 89 36,N/A,"4,6(26",N/A,No,,,
O-zed Food," Sidi Abdella, Mahelma zone C, Bouelvard Houcine, ait ahemad 66524", 0559 41 80 32,N/A,"4,6(26",N/A,No,,,
RUSTIC PIZZA," MVQ3+PHF, Mahelma", 0775 22 19 96,N/A,"4,6(26",https://www.instagram.com/rustic.pizza.dz?igsh=MW93MzVjc2V2dzJ2YQ==,No,,,
مطعم القدس العتيقة," باب خلفي، الاقامة الجامعية، 3, Mahelma", 0770 69 87 17,N/A,"4,6(26",N/A,No,,,
Padi D'NYC," 135 W 50th St, New York, NY 10020, États-Unis",N/A,N/A,"4,4(139",N/A,No,N/A,"['Vraiment bon ! Super frais, et super rapport qualité prix', ""J'y suis allé deux fois et ça valait vraiment le coup. J'ai testé le menu Rendang de bœuf et le menu Ayam Gulai. …"", ""Padi chez Urban Hawkers  Chérie, ce n'est pas juste de la nourriture, c'est un rêve fiévreux d'Asie du …""]","https://www.google.com/maps/place/Padi+D'NYC/@40.762969,-74.0563178,13z/data=!3m1!5s0x89c258555500dd83:0xbe0a01158af98882!4m11!1m3!2m2!1sRestaurant+in+Manhattan,+New+york,+NY,+USA!6e5!3m6!1s0x89c259b573cc8871:0xb6d59a0903f88e5d!8m2!3d40.7608856!4d-73.9825548!15sCipSZXN0YXVyYW50IGluIE1hbmhhdHRhbiwgTmV3IHlvcmssIE5ZLCBVU0FaKSIncmVzdGF1cmFudCBpbiBtYW5oYXR0YW4gbmV3IHlvcmsgbnkgdXNhkgEMaGF3a2VyX3N0YWxsmgEkQ2hkRFNVaE5NRzluUzBWSlEwRm5TVVJxYVhReWJEQm5SUkFC4AEA-gEECAAQNg!16s%2Fg%2F11tf4q75d5?entry=ttu&g_ep=EgoyMDI2MDUyNi4wIKXMDSoASAFQAw%3D%3D"
Gram Bangla Restaurant { গ্রাম বাংলা }," C. de Caravaca, 12, Centro, Centro, Centro, Centro, 28012 Madrid, Espagne", +34 651 66 32 31,4.6,4,https://www.facebook.com/profile.php?id=61563752384442,No,N/A,"['C’est quoi ce poulet !  Le tikka massala m’a fait pleurer c’était délicieux. …', 'Meilleur restaurant indien que je connaisse', ""Le biryani au bœuf ressemblait plus à un pulao, car il manquait de saveur.  La portion était généreuse et accompagnée d'une salade de concombres, de salade …""]","https://www.google.com/maps/place/Gram+Bangla+Restaurant+%7B+%E0%A6%97%E0%A7%8D%E0%A6%B0%E0%A6%BE%E0%A6%AE+%E0%A6%AC%E0%A6%BE%E0%A6%82%E0%A6%B2%E0%A6%BE+%7D/@40.42535,-3.8472646,12z/data=!3m1!5s0xd4227d4b56abd7f:0xc43b79394b4b3194!4m11!1m3!2m2!1sRestaurant!6e5!3m6!1s0xd4227006a569aef:0xff6c7fd574f16d29!8m2!3d40.4088935!4d-3.7030323!15sCgpSZXN0YXVyYW50WgwiCnJlc3RhdXJhbnSSARBoYWxhbF9yZXN0YXVyYW50mgFEQ2k5RFFVbFJRVU52WkVOb2RIbGpSamx2VDI1a1IxSlhkRE5rYlVreVdETkpNMk5JUlRKV1JrWllURmhTV1ZkR1JSQULgAQD6AQQIABAr!16s%2Fg%2F11w7ph_79b?entry=ttu&g_ep=EgoyMDI2MDUyNi4wIKXMDSoASAFQAw%3D%3D"
Rice," C/ de Hortaleza, 47, Centro, 28004 Madrid, Espagne", +34 914 45 41 25,4.6,4,N/A,No,N/A,"['Excellent rapport qualité/prix ! Le plat n°2 (riz avec porc aigre-doux) était délicieux et bien servi. Service rapide et agréable, je recommande 💕 …', ""Un ami m'a conseillé ce street food j'ai testé les nouilles au canard c'était assez bon, accommodé au goût espagnol donc sucré.... Mais comparé à d'autres établissements de même type il sort du lot"", ""Les nouilles sont bonnes mais évitez les entrées comme les nems c'est pas top""]","https://www.google.com/maps/place/Rice/@40.4169426,-3.8407853,12z/data=!4m11!1m3!2m2!1sRestaurant!6e5!3m6!1s0xd422886223164c7:0x38f90e651369c41!8m2!3d40.422836!4d-3.6993036!15sCgpSZXN0YXVyYW50WgwiCnJlc3RhdXJhbnSSAQpyZXN0YXVyYW50mgFEQ2k5RFFVbFJRVU52WkVOb2RIbGpSamx2VDI1YWNsZ3dOV2xqVjA1dVlrVjRRbFJGUlRKUFIzaHNWMWRLZUZadVl4QULgAQD6AQQIIRBF!16s%2Fg%2F11clwm1zz8?entry=ttu&g_ep=EgoyMDI2MDUyNi4wIKXMDSoASAFQAw%3D%3D"
M Plug," A, Douera 16046", 0791 64 28 15,4.8,4,https://www.facebook.com/profile.php?id=100093098936657,No,N/A,"['Un vrai professionnel, merci et bonne continuation.', 'Service professionnel et transactions fiables... Bonne chance !']","https://www.google.com/maps/place/M+Plug/@36.7164193,2.5612843,11z/data=!4m10!1m2!2m1!1sAgence+Web!3m6!1s0x128faf6bdcd91dd1:0x57d62277aed17536!8m2!3d36.6874633!4d2.9490669!15sCgpBZ2VuY2UgV2ViWgwiCmFnZW5jZSB3ZWKSARppbnRlcm5ldF9tYXJrZXRpbmdfc2VydmljZZoBRENpOURRVWxSUVVOdlpFTm9kSGxqUmpsdlQyMVJlRlZXYkVwalIyeHRUVmh3VkZJeVNqSllNVUpzWlcxb1NHTlZSUkFC4AEA-gEECAAQMw!16s%2Fg%2F11zjj22r9s?entry=ttu&g_ep=EgoyMDI2MDUyNy4wIKXMDSoASAFQAw%3D%3D"
Design web freelance, Tassala El Merdja,N/A,4.8,4,https://www.facebook.com/Multimedia.ALG,No,N/A,[],"https://www.google.com/maps/place/Design+web+freelance/@36.7164193,2.5612843,11z/data=!4m10!1m2!2m1!1sAgence+Web!3m6!1s0x128fa915b67ade93:0x1364b99408fc0b11!8m2!3d36.6281017!4d2.9461927!15sCgpBZ2VuY2UgV2VikgENZGVzaWduX2FnZW5jeeABAA!16s%2Fg%2F11t255sg61?entry=ttu&g_ep=EgoyMDI2MDUyNy4wIKXMDSoASAFQAw%3D%3D"
A3+ Agence de Communication & Publicité," Pins Maritime, cité les Mandarines N°7bis1, Mohammadia 16058", 0542 13 91 98,4.8,4,https://web.facebook.com/A3plus.graphic,No,N/A,"['J’ai récemment fait appel à cette agence pour des affiches plastifiées, et malheureusement, mon expérience a été assez frustrante. Bien que le travail final ait été bien réalisé, le processus pour y arriver a été long et pénible. …', ""Communication lamentable et service médiocre! Ils ne répondent jamais au téléphone, même quand c'est important. Comment pouvez-vous préparer la commande de quelqu'un (comme des cartes de visite) et ne pas …"", 'Service rapide et professionnel ! Flyers de très bonne qualité livrés en un temps record. Je recommande vivement ! 🙏 …']","https://www.google.com/maps/place/A3%2B+Agence+de+Communication+%26+Publicit%C3%A9/@36.7336616,2.8823783,11z/data=!4m10!1m2!2m1!1sAgence+Web!3m6!1s0x128e53c6dbd65a21:0x561d1309dc5130f4!8m2!3d36.7336616!4d3.1707694!15sCgpBZ2VuY2UgV2ViWgwiCmFnZW5jZSB3ZWKSARJhZHZlcnRpc2luZ19hZ2VuY3maAURDaTlEUVVsUlFVTnZaRU5vZEhsalJqbHZUMjB3TTFFeVZrbFpNMEV6VFZoU05sVnVaRVpUYkd3MFpGaHdiMHhZWXhBQuABAPoBBAgAECE!16s%2Fg%2F11n00cbw_m?entry=ttu&g_ep=EgoyMDI2MDUyNy4wIKXMDSoASAFQAw%3D%3D"
